,weight,height,id,name,bred_for,breed_group,life_span,temperament,origin,reference_image_id,country_code,description,history
0,"{'imperial': '6 - 13', 'metric': '3 - 6'}","{'imperial': '9 - 11.5', 'metric': '23 - 29'}",1,Affenpinscher,"Small rodent hunting, lapdog",Toy,10 - 12 years,"Stubborn, Curious, Playful, Adventurous, Active, Fun-loving","Germany, France",BJa4kxc4X,,,
1,"{'imperial': '50 - 60', 'metric': '23 - 27'}","{'imperial': '25 - 27', 'metric': '64 - 69'}",2,Afghan Hound,Coursing and hunting,Hound,10 - 13 years,"Aloof, Clownish, Dignified, Independent, Happy","Afghanistan, Iran, Pakistan",hMyT4CDXR,AG,,
2,"{'imperial': '44 - 66', 'metric': '20 - 30'}","{'imperial': '30', 'metric': '76'}",3,African Hunting Dog,A wild pack animal,,11 years,"Wild, Hardworking, Dutiful",,rkiByec47,,,
3,"{'imperial': '40 - 65', 'metric': '18 - 29'}","{'imperial': '21 - 23', 'metric': '53 - 58'}",4,Airedale Terrier,"Badger, otter hunting",Terrier,10 - 13 years,"Outgoing, Friendly, Alert, Confident, Intelligent, Courageous","United Kingdom, England",1-7cgoZSh,,,
4,"{'imperial': '90 - 120', 'metric': '41 - 54'}","{'imperial': '28 - 34', 'metric': '71 - 86'}",5,Akbash Dog,Sheep guarding,Working,10 - 12 years,"Loyal, Independent, Intelligent, Brave",,26pHT3Qk7,,,
5,"{'imperial': '65 - 115', 'metric': '29 - 52'}","{'imperial': '24 - 28', 'metric': '61 - 71'}",6,Akita,Hunting bears,Working,10 - 14 years,"Docile, Alert, Responsive, Dignified, Composed, Friendly, Receptive, Faithful, Courageous",,BFRYBufpm,,,
6,"{'imperial': '55 - 90', 'metric': '25 - 41'}","{'imperial': '18 - 24', 'metric': '46 - 61'}",7,Alapaha Blue Blood Bulldog,Guarding,Mixed,12 - 13 years,"Loving, Protective, Trainable, Dutiful, Responsible",,33mJ-V3RX,,"The Alapaha Blue Blood Bulldog is a well-developed, exaggerated bulldog with a broad head and natural drop ears. The prominent muzzle is covered by loose upper lips. The prominent eyes are set well apart. The Alapaha's coat is relatively short and fairly stiff. Preferred colors are blue merle, brown merle, or red merle all trimmed in white or chocolate and white. Also preferred are the glass eyes (blue) or marble eyes (brown and blue mixed in a single eye). The ears and tail are never trimmed or docked. The body is sturdy and very muscular. The well-muscled hips are narrower than the chest. The straight back is as long as the dog is high at the shoulders. The dewclaws are never removed and the feet are cat-like.",
7,"{'imperial': '38 - 50', 'metric': '17 - 23'}","{'imperial': '23 - 26', 'metric': '58 - 66'}",8,Alaskan Husky,Sled pulling,Mixed,10 - 13 years,"Friendly, Energetic, Loyal, Gentle, Confident",,-HgpNnGXl,,,
8,"{'imperial': '65 - 100', 'metric': '29 - 45'}","{'imperial': '23 - 25', 'metric': '58 - 64'}",9,Alaskan Malamute,"Hauling heavy freight, Sled pulling",Working,12 - 15 years,"Friendly, Affectionate, Devoted, Loyal, Dignified, Playful",,dW5UucTIW,,,
9,"{'imperial': '60 - 120', 'metric': '27 - 54'}","{'imperial': '22 - 27', 'metric': '56 - 69'}",10,American Bulldog,,Working,10 - 12 years,"Friendly, Assertive, Energetic, Loyal, Gentle, Confident, Dominant",,pk1AAdloG,,,
10,"{'imperial': '30 - 150', 'metric': '14 - 68'}","{'imperial': '14 - 17', 'metric': '36 - 43'}",11,American Bully,Family companion dog,,8 – 15 years,"Strong Willed, Stubborn, Friendly, Clownish, Affectionate, Loyal, Obedient, Intelligent, Courageous",,sqQJDtbpY,US,,
11,"{'imperial': '20 - 40', 'metric': '9 - 18'}","{'imperial': '15 - 19', 'metric': '38 - 48'}",12,American Eskimo Dog,Circus performer,Non-Sporting,12 - 15 years,"Friendly, Alert, Reserved, Intelligent, Protective",,Bymjyec4m,US,,
12,"{'imperial': '7 - 10', 'metric': '3 - 5'}","{'imperial': '9 - 12', 'metric': '23 - 30'}",13,American Eskimo Dog (Miniature),Companionship,,13 – 15 years,"Friendly, Alert, Reserved, Intelligent, Protective",,_gn8GLrE6,US,,
13,"{'imperial': '65 - 75', 'metric': '29 - 34'}","{'imperial': '21 - 28', 'metric': '53 - 71'}",14,American Foxhound,"Fox hunting, scent hound",Hound,8 - 15 years,"Kind, Sweet-Tempered, Loyal, Independent, Intelligent, Loving",,S14n1x9NQ,US,,
14,"{'imperial': '30 - 60', 'metric': '14 - 27'}","{'imperial': '17 - 21', 'metric': '43 - 53'}",15,American Pit Bull Terrier,Fighting,Terrier,10 - 15 years,"Strong Willed, Stubborn, Friendly, Clownish, Affectionate, Loyal, Obedient, Intelligent, Courageous",,HkC31gcNm,US,,
15,"{'imperial': '50 - 60', 'metric': '23 - 27'}","{'imperial': '17 - 19', 'metric': '43 - 48'}",16,American Staffordshire Terrier,,Terrier,12 - 15 years,"Tenacious, Friendly, Devoted, Loyal, Attentive, Courageous",,rJIakgc4m,US,,
16,"{'imperial': '25 - 45', 'metric': '11 - 20'}","{'imperial': '15 - 18', 'metric': '38 - 46'}",17,American Water Spaniel,Bird flushing and retrieving,Sporting,10 - 12 years,"Friendly, Energetic, Obedient, Intelligent, Protective, Trainable",,SkmRJl9VQ,US,,
17,"{'imperial': '80 - 150', 'metric': '36 - 68'}","{'imperial': '27 - 29', 'metric': '69 - 74'}",18,Anatolian Shepherd Dog,Livestock herding,Working,11 - 13 years,"Steady, Bold, Independent, Confident, Intelligent, Proud",,BJT0Jx5Nm,,,
18,"{'imperial': '48 - 55', 'metric': '22 - 25'}","{'imperial': '20 - 22', 'metric': '51 - 56'}",19,Appenzeller Sennenhund,"Herding livestock, pulling carts, and guarding the farm",,12 – 14 years,"Reliable, Fearless, Energetic, Lively, Self-assured",,HkNkxlqEX,,,
19,"{'imperial': '44 - 62', 'metric': '20 - 28'}","{'imperial': '17 - 20', 'metric': '43 - 51'}",21,Australian Cattle Dog,"Cattle herding, herding trials",Herding,12 - 14 years,"Cautious, Energetic, Loyal, Obedient, Protective, Brave",,IBkYVm4v1,AU,,
20,"{'imperial': '31 - 46', 'metric': '14 - 21'}","{'imperial': '17 - 20', 'metric': '43 - 51'}",22,Australian Kelpie,"Farm dog, Cattle herding",Herding,10 - 13 years,"Friendly, Energetic, Alert, Loyal, Intelligent, Eager",,Hyq1ge9VQ,AU,,
21,"{'imperial': '35 - 65', 'metric': '16 - 29'}","{'imperial': '18 - 23', 'metric': '46 - 58'}",23,Australian Shepherd,Sheep herding,Herding,12 - 16 years,"Good-natured, Affectionate, Intelligent, Active, Protective",,B1-llgq4m,AU,,
22,"{'imperial': '14 - 16', 'metric': '6 - 7'}","{'imperial': '10 - 11', 'metric': '25 - 28'}",24,Australian Terrier,"Cattle herdering, hunting snakes and rodents",Terrier,15 years,"Spirited, Alert, Loyal, Companionable, Even Tempered, Courageous",,r1Ylge5Vm,AU,,
23,"{'imperial': '33 - 55', 'metric': '15 - 25'}","{'imperial': '23 - 29', 'metric': '58 - 74'}",25,Azawakh,"Livestock guardian, hunting",Hound,10 - 13 years,"Aloof, Affectionate, Attentive, Rugged, Fierce, Refined",,SkvZgx94m,,,
24,"{'imperial': '40 - 65', 'metric': '18 - 29'}","{'imperial': '20 - 26', 'metric': '51 - 66'}",26,Barbet,Hunting water game,,13 – 15 years,"Obedient, Companionable, Intelligent, Joyful",,HyWGexcVQ,,,
25,"{'imperial': '22 - 24', 'metric': '10 - 11'}","{'imperial': '16 - 17', 'metric': '41 - 43'}",28,Basenji,Hunting,Hound,10 - 12 years,"Affectionate, Energetic, Alert, Curious, Playful, Intelligent",,H1dGlxqNQ,,,
26,"{'imperial': '35 - 40', 'metric': '16 - 18'}","{'imperial': '13 - 15', 'metric': '33 - 38'}",29,Basset Bleu de Gascogne,Hunting on foot.,Hound,10 - 14 years,"Affectionate, Lively, Agile, Curious, Happy, Active",,BkMQll94X,,,
27,"{'imperial': '50 - 65', 'metric': '23 - 29'}","{'imperial': '14', 'metric': '36'}",30,Basset Hound,Hunting by scent,Hound,12 - 15 years,"Tenacious, Friendly, Affectionate, Devoted, Sweet-Tempered, Gentle",,Sy57xx9EX,,,
28,"{'imperial': '20 - 35', 'metric': '9 - 16'}","{'imperial': '13 - 15', 'metric': '33 - 38'}",31,Beagle,"Rabbit, hare hunting",Hound,13 - 16 years,"Amiable, Even Tempered, Excitable, Determined, Gentle, Intelligent",,Syd4xxqEm,,,
29,"{'imperial': '45 - 55', 'metric': '20 - 25'}","{'imperial': '20 - 22', 'metric': '51 - 56'}",32,Bearded Collie,Sheep herding,Herding,12 - 14 years,"Self-confidence, Hardy, Lively, Alert, Intelligent, Active",,A09F4c1qP,,,
30,"{'imperial': '80 - 110', 'metric': '36 - 50'}","{'imperial': '24 - 27.5', 'metric': '61 - 70'}",33,Beauceron,"Boar herding, hunting, guarding",Herding,10 - 12 years,"Fearless, Friendly, Intelligent, Protective, Calm",,HJQ8ge5V7,,,
31,"{'imperial': '17 - 23', 'metric': '8 - 10'}","{'imperial': '15 - 16', 'metric': '38 - 41'}",34,Bedlington Terrier,"Killing rat, badger, other vermin",Terrier,14 - 16 years,"Affectionate, Spirited, Intelligent, Good-tempered",,ByK8gx947,,,
32,"{'imperial': '40 - 80', 'metric': '18 - 36'}","{'imperial': '22 - 26', 'metric': '56 - 66'}",36,Belgian Malinois,Stock herding,Herding,12 - 14 years,"Watchful, Alert, Stubborn, Friendly, Confident, Hard-working, Active, Protective",,r1f_ll5VX,,,
33,"{'imperial': '40 - 65', 'metric': '18 - 29'}","{'imperial': '22 - 26', 'metric': '56 - 66'}",38,Belgian Tervuren,"Guarding, Drafting, Police work.",Herding,10 - 12 years,"Energetic, Alert, Loyal, Intelligent, Attentive, Protective",,B1KdxlcNX,,,
34,"{'imperial': '65 - 120', 'metric': '29 - 54'}","{'imperial': '23 - 27.5', 'metric': '58 - 70'}",41,Bernese Mountain Dog,Draft work,Working,7 - 10 years,"Affectionate, Loyal, Intelligent, Faithful",,S1fFlx5Em,,,
35,"{'imperial': '10 - 18', 'metric': '5 - 8'}","{'imperial': '9.5 - 11.5', 'metric': '24 - 29'}",42,Bichon Frise,Companion,Non-Sporting,15 years,"Feisty, Affectionate, Cheerful, Playful, Gentle, Sensitive",,HkuYlxqEQ,,,
36,"{'imperial': '65 - 100', 'metric': '29 - 45'}","{'imperial': '23 - 27', 'metric': '58 - 69'}",43,Black and Tan Coonhound,"Hunting raccoons, night hunting",Hound,10 - 12 years,"Easygoing, Gentle, Adaptable, Trusting, Even Tempered, Lovable",,HJAFgxcNQ,,,
37,"{'imperial': '80 - 110', 'metric': '36 - 50'}","{'imperial': '23 - 27', 'metric': '58 - 69'}",45,Bloodhound,Trailing,Hound,8 - 10 years,"Stubborn, Affectionate, Gentle, Even Tempered",,Skdcgx9VX,,,
38,"{'imperial': '45 - 80', 'metric': '20 - 36'}","{'imperial': '21 - 27', 'metric': '53 - 69'}",47,Bluetick Coonhound,Hunting with a superior sense of smell.,Hound,12 - 14 years,"Friendly, Intelligent, Active",,rJxieg9VQ,,,
39,"{'imperial': '110 - 200', 'metric': '50 - 91'}","{'imperial': '22 - 27', 'metric': '56 - 69'}",48,Boerboel,"Guarding the homestead, farm work.",Working,10 - 12 years,"Obedient, Confident, Intelligent, Dominant, Territorial",,HyOjge5Vm,,,
40,"{'imperial': '30 - 45', 'metric': '14 - 20'}","{'imperial': '18 - 22', 'metric': '46 - 56'}",50,Border Collie,Sheep herder,Herding,12 - 16 years,"Tenacious, Keen, Energetic, Responsive, Alert, Intelligent",,sGQvQUpsp,,,
41,"{'imperial': '11.5 - 15.5', 'metric': '5 - 7'}","{'imperial': '11 - 16', 'metric': '28 - 41'}",51,Border Terrier,"Fox bolting, ratting",Terrier,12 - 14 years,"Fearless, Affectionate, Alert, Obedient, Intelligent, Even Tempered",,HJOpge9Em,,,
42,"{'imperial': '10 - 25', 'metric': '5 - 11'}","{'imperial': '16 - 17', 'metric': '41 - 43'}",53,Boston Terrier,"Ratting, Companionship",Non-Sporting,11 - 13 years,"Friendly, Lively, Intelligent",,rkZRggqVX,,,
43,"{'imperial': '70 - 110', 'metric': '32 - 50'}","{'imperial': '23.5 - 27.5', 'metric': '60 - 70'}",54,Bouvier des Flandres,Cattle herding,Herding,10 - 15 years,"Protective, Loyal, Gentle, Intelligent, Familial, Rational",,Byd0xl5VX,,,
44,"{'imperial': '50 - 70', 'metric': '23 - 32'}","{'imperial': '21.5 - 25', 'metric': '55 - 64'}",55,Boxer,"Bull-baiting, guardian",Working,8 - 10 years,"Devoted, Fearless, Friendly, Cheerful, Energetic, Loyal, Playful, Confident, Intelligent, Bright, Brave, Calm",,ry1kWe5VQ,,,
45,"{'imperial': '25 - 40', 'metric': '11 - 18'}","{'imperial': '14 - 18', 'metric': '36 - 46'}",56,Boykin Spaniel,Turkey retrieving,Sporting,10 - 14 years,"Friendly, Energetic, Companionable, Intelligent, Eager, Trainable",,ryHJZlcNX,,,
46,"{'imperial': '55 - 88', 'metric': '25 - 40'}","{'imperial': '21.5 - 26.5', 'metric': '55 - 67'}",57,Bracco Italiano,Versatile gun dog,Sporting,10 - 12 years,"Stubborn, Affectionate, Loyal, Playful, Companionable, Trainable",,S13yZg5VQ,,,
47,"{'imperial': '70 - 90', 'metric': '32 - 41'}","{'imperial': '22 - 27', 'metric': '56 - 69'}",58,Briard,"Herding, guarding sheep",Herding,10 - 12 years,"Fearless, Loyal, Obedient, Intelligent, Faithful, Protective",,rkVlblcEQ,,,
48,"{'imperial': '30 - 45', 'metric': '14 - 20'}","{'imperial': '17.5 - 20.5', 'metric': '44 - 52'}",59,Brittany,"Pointing, retrieving",Sporting,12 - 14 years,"Agile, Adaptable, Quick, Intelligent, Attentive, Happy",,HJWZZxc4X,,,
49,"{'imperial': '50 - 70', 'metric': '23 - 32'}","{'imperial': '21 - 22', 'metric': '53 - 56'}",61,Bull Terrier,"Bull baiting, Fighting",Terrier,10 - 12 years,"Trainable, Protective, Sweet-Tempered, Keen, Active",,VSraIEQGd,,,
50,"{'imperial': '25 - 33', 'metric': '11 - 15'}","{'imperial': '10 - 14', 'metric': '25 - 36'}",62,Bull Terrier (Miniature),An elegant man's fashion statement,,11 – 14 years,"Trainable, Protective, Sweet-Tempered, Keen, Active, Territorial",,BkKZWlcVX,,,
51,"{'imperial': '100 - 130', 'metric': '45 - 59'}","{'imperial': '24 - 27', 'metric': '61 - 69'}",64,Bullmastiff,Estate guardian,Working,8 - 12 years,"Docile, Reliable, Devoted, Alert, Loyal, Reserved, Loving, Protective, Powerful, Calm, Courageous",,r1ifZl5E7,,,
52,"{'imperial': '13 - 14', 'metric': '6 - 6'}","{'imperial': '9 - 10', 'metric': '23 - 25'}",65,Cairn Terrier,"Bolting of otter, foxes, other vermin",Terrier,14 - 15 years,"Hardy, Fearless, Assertive, Gay, Intelligent, Active",,Sk7Qbg9E7,,,
53,"{'imperial': '88 - 120', 'metric': '40 - 54'}","{'imperial': '23.5 - 27.5', 'metric': '60 - 70'}",67,Cane Corso,"Companion, guard dog, and hunter",Working,10 - 11 years,"Trainable, Reserved, Stable, Quiet, Even Tempered, Calm",,r15m-lc4m,,,
54,"{'imperial': '25 - 38', 'metric': '11 - 17'}","{'imperial': '10.5 - 12.5', 'metric': '27 - 32'}",68,Cardigan Welsh Corgi,Cattle droving,Herding,12 - 14 years,"Affectionate, Devoted, Alert, Companionable, Intelligent, Active",,SyXN-e9NX,,,
55,"{'imperial': '50 - 95', 'metric': '23 - 43'}","{'imperial': '20 - 26', 'metric': '51 - 66'}",69,Catahoula Leopard Dog,Driving livestock,Herding,10 - 12 years,"Energetic, Inquisitive, Independent, Gentle, Intelligent, Loving",,BJcNbec4X,,,
56,"{'imperial': '80 - 100', 'metric': '36 - 45'}","{'imperial': '24 - 33.5', 'metric': '61 - 85'}",70,Caucasian Shepherd (Ovcharka),"Guard dogs, defending sheep from predators, mainly wolves, jackals and bears",Working,10 - 12 years,"Alert, Quick, Dominant, Powerful, Calm, Strong",,r1rrWe5Em,,,
57,"{'imperial': '13 - 18', 'metric': '6 - 8'}","{'imperial': '12 - 13', 'metric': '30 - 33'}",71,Cavalier King Charles Spaniel,"Flushing small birds, companion",Toy,10 - 14 years,"Fearless, Affectionate, Sociable, Patient, Playful, Adaptable",,HJRBbe94Q,,,
58,"{'imperial': '55 - 80', 'metric': '25 - 36'}","{'imperial': '21 - 26', 'metric': '53 - 66'}",76,Chesapeake Bay Retriever,Water Retriever,Sporting,10 - 13 years,"Affectionate, Intelligent, Quiet, Dominant, Happy, Protective",,9BXwUeCc2,,,
59,"{'imperial': '10 - 13', 'metric': '5 - 6'}","{'imperial': '11 - 13', 'metric': '28 - 33'}",78,Chinese Crested,"Ratting, lapdog, curio",Toy,10 - 14 years,"Affectionate, Sweet-Tempered, Lively, Alert, Playful, Happy",,B1pDZx9Nm,,,
60,"{'imperial': '45 - 60', 'metric': '20 - 27'}","{'imperial': '18 - 20', 'metric': '46 - 51'}",79,Chinese Shar-Pei,Fighting,Non-Sporting,10 years,"Suspicious, Affectionate, Devoted, Reserved, Independent, Loving",,B1ruWl94Q,,,
61,"{'imperial': '50 - 90', 'metric': '23 - 41'}","{'imperial': '22 - 26', 'metric': '56 - 66'}",80,Chinook,Sled pulling,Working,12 - 15 years,"Friendly, Alert, Dignified, Intelligent, Calm",,Sypubg54Q,,,
62,"{'imperial': '40 - 70', 'metric': '18 - 32'}","{'imperial': '17 - 20', 'metric': '43 - 51'}",81,Chow Chow,"Guardian, cart pulling, hunting",Non-Sporting,12 - 15 years,"Aloof, Loyal, Independent, Quiet",,ry8KWgqEQ,,,
63,"{'imperial': '55 - 85', 'metric': '25 - 39'}","{'imperial': '17 - 20', 'metric': '43 - 51'}",84,Clumber Spaniel,"Bird flushing, retrieving",Sporting,10 - 12 years,"Affectionate, Loyal, Dignified, Gentle, Calm, Great-hearted",,rkeqWgq4Q,,,
64,"{'imperial': '20 - 30', 'metric': '9 - 14'}","{'imperial': '14 - 15', 'metric': '36 - 38'}",86,Cocker Spaniel,"Bird flushing, retrieving",Sporting,12 - 15 years,"Trainable, Friendly, Affectionate, Playful, Quiet, Faithful",,1lFmrzECl,,,
65,"{'imperial': '20 - 30', 'metric': '9 - 14'}","{'imperial': '14 - 15', 'metric': '36 - 38'}",87,Cocker Spaniel (American),Hunting the American woodcock,Sporting,12 - 15 years,"Outgoing, Sociable, Trusting, Joyful, Even Tempered, Merry",,HkRcZe547,,,
66,"{'imperial': '9 - 15', 'metric': '4 - 7'}","{'imperial': '9 - 11', 'metric': '23 - 28'}",89,Coton de Tulear,"Accompanying ladies on long sea voyages, ratters onboard ship.",Non-Sporting,13 - 16 years,"Affectionate, Lively, Playful, Intelligent, Trainable, Vocal",,SyviZlqNm,,,
67,"{'imperial': '50 - 55', 'metric': '23 - 25'}","{'imperial': '19 - 23', 'metric': '48 - 58'}",92,Dalmatian,Carriage dog - trot alongside carriages to protect the occupants from banditry or other interference,Non-Sporting,10 - 13 years,"Outgoing, Friendly, Energetic, Playful, Sensitive, Intelligent, Active",,SkJ3blcN7,,,
68,"{'imperial': '66 - 88', 'metric': '30 - 40'}","{'imperial': '24 - 28', 'metric': '61 - 71'}",94,Doberman Pinscher,Guardian,Working,10 years,"Fearless, Energetic, Alert, Loyal, Obedient, Confident, Intelligent",,HyL3bl94Q,,,
69,"{'imperial': '80 - 100', 'metric': '36 - 45'}","{'imperial': '23.5 - 27', 'metric': '60 - 69'}",95,Dogo Argentino,Big-game hunting,Working,10 - 12 years,"Friendly, Affectionate, Cheerful, Loyal, Tolerant, Protective",,S1nhWx94Q,,,
70,"{'imperial': '50 - 70', 'metric': '23 - 32'}","{'imperial': '22 - 24.5', 'metric': '56 - 62'}",98,Dutch Shepherd,"Farms, watchdog, guard duty",,15 years,"Reliable, Affectionate, Alert, Loyal, Obedient, Trainable",,BkE6Wg5E7,,,
71,"{'imperial': '45 - 80', 'metric': '20 - 36'}","{'imperial': '24 - 25', 'metric': '61 - 64'}",101,English Setter,"Bird setting, retrieving",Sporting,12 years,"Strong Willed, Mischievous, Affectionate, Energetic, Playful, Companionable, Gentle, Hard-working, Intelligent, Eager, People-Oriented",,By4A-eqVX,,,
72,"{'imperial': '44 - 66', 'metric': '20 - 30'}","{'imperial': '18 - 23', 'metric': '46 - 58'}",102,English Shepherd,"Herding & guarding livestock, farm watch dog",Working,10 - 13 years,"Kind, Energetic, Independent, Adaptable, Intelligent, Bossy",,H1QyMe5EQ,,,
73,"{'imperial': '35 - 50', 'metric': '16 - 23'}","{'imperial': '19 - 20', 'metric': '48 - 51'}",103,English Springer Spaniel,"Bird flushing, retrieving",Sporting,12 - 14 years,"Affectionate, Cheerful, Alert, Intelligent, Attentive, Active",,Hk0Jfe5VQ,,,
74,"{'imperial': '8 - 14', 'metric': '4 - 6'}","{'imperial': '10', 'metric': '25'}",104,English Toy Spaniel,Companion of kings,Toy,10 - 12 years,"Affectionate, Reserved, Playful, Gentle, Happy, Loving",,SkIgzxqNQ,,,
75,"{'imperial': '6 - 8', 'metric': '3 - 4'}","{'imperial': '10 - 12', 'metric': '25 - 30'}",105,English Toy Terrier,Rat-baiting,,12 - 13 years,"Stubborn, Alert, Companionable, Intelligent, Cunning, Trainable",,SJ6eMxqEQ,,,
76,"{'imperial': '40 - 70', 'metric': '18 - 32'}","{'imperial': '20.5 - 23.5', 'metric': '52 - 60'}",107,Eurasier,Companionship,Non-Sporting,12 - 14 years,"Alert, Reserved, Intelligent, Even Tempered, Watchful, Calm",,S1VWGx9Nm,,,
77,"{'imperial': '35 - 50', 'metric': '16 - 23'}","{'imperial': '17 - 18', 'metric': '43 - 46'}",108,Field Spaniel,"Bird flushing, retrieving",Sporting,11 - 15 years,"Docile, Cautious, Sociable, Sensitive, Adaptable, Familial",,SkJfGecE7,,,
78,"{'imperial': '33 - 53', 'metric': '15 - 24'}","{'imperial': '16 - 21', 'metric': '41 - 53'}",110,Finnish Lapphund,Herding reindeer,Herding,12 - 15 years,"Friendly, Keen, Faithful, Calm, Courageous",,S1KMGg5Vm,,,
79,"{'imperial': '23 - 28', 'metric': '10 - 13'}","{'imperial': '15.5 - 20', 'metric': '39 - 51'}",111,Finnish Spitz,"Hunting birds, small mammals",Non-Sporting,12 - 15 years,"Playful, Loyal, Independent, Intelligent, Happy, Vocal",,3PjHlQbkV,,,
80,"{'imperial': '28', 'metric': '13'}","{'imperial': '11 - 12', 'metric': '28 - 30'}",113,French Bulldog,Lapdog,Non-Sporting,9 - 11 years,"Playful, Affectionate, Keen, Sociable, Lively, Alert, Easygoing, Patient, Athletic, Bright",,HyWNfxc47,,,
81,"{'imperial': '25 - 45', 'metric': '11 - 20'}","{'imperial': '17 - 20', 'metric': '43 - 51'}",114,German Pinscher,"Watchdog, Hunting vermin on the farm.",Working,12 - 14 years,"Spirited, Lively, Intelligent, Loving, Even Tempered, Familial",,B1u4zgqE7,,,
82,"{'imperial': '50 - 90', 'metric': '23 - 41'}","{'imperial': '22 - 26', 'metric': '56 - 66'}",115,German Shepherd Dog,"Herding, Guard dog",Herding,10 - 13 years,"Alert, Loyal, Obedient, Curious, Confident, Intelligent, Watchful, Courageous",,SJyBfg5NX,,,
83,"{'imperial': '45 - 70', 'metric': '20 - 32'}","{'imperial': '21 - 25', 'metric': '53 - 64'}",116,German Shorthaired Pointer,General hunting,Sporting,12 - 14 years,"Boisterous, Bold, Affectionate, Intelligent, Cooperative, Trainable",,SJqBMg5Nm,,,
84,"{'imperial': '65 - 90', 'metric': '29 - 41'}","{'imperial': '23.5 - 27.5', 'metric': '60 - 70'}",119,Giant Schnauzer,"Herding, guarding",Working,10 - 12 years,"Strong Willed, Kind, Loyal, Intelligent, Dominant, Powerful",,H1NIzlcV7,,,
85,"{'imperial': '32 - 40', 'metric': '15 - 18'}","{'imperial': '12.5 - 14', 'metric': '32 - 36'}",120,Glen of Imaal Terrier,"Rid the home and farm of vermin, and hunt badger and fox",Terrier,12 - 15 years,"Spirited, Agile, Loyal, Gentle, Active, Courageous",,H1oLMe94m,,,
86,"{'imperial': '55 - 75', 'metric': '25 - 34'}","{'imperial': '21.5 - 24', 'metric': '55 - 61'}",121,Golden Retriever,Retrieving,Sporting,10 - 12 years,"Intelligent, Kind, Reliable, Friendly, Trustworthy, Confident",,HJ7Pzg5EQ,,,
87,"{'imperial': '45 - 80', 'metric': '20 - 36'}","{'imperial': '23 - 27', 'metric': '58 - 69'}",123,Gordon Setter,Find and point gamebirds,Sporting,10 - 12 years,"Fearless, Alert, Loyal, Confident, Gay, Eager",,SJ5vzx5NX,,,
88,"{'imperial': '110 - 190', 'metric': '50 - 86'}","{'imperial': '28 - 32', 'metric': '71 - 81'}",124,Great Dane,"Hunting & holding boars, Guardian",Working,7 - 10 years,"Friendly, Devoted, Reserved, Gentle, Confident, Loving",,B1Edfl9NX,,,
89,"{'imperial': '85 - 115', 'metric': '39 - 52'}","{'imperial': '25 - 32', 'metric': '64 - 81'}",125,Great Pyrenees,Sheep guardian,Working,10 - 12 years,"Strong Willed, Fearless, Affectionate, Patient, Gentle, Confident",,B12uzg9V7,,,
90,"{'imperial': '50 - 70', 'metric': '23 - 32'}","{'imperial': '27 - 30', 'metric': '69 - 76'}",127,Greyhound,Coursing hares,Hound,10 - 13 years,"Affectionate, Athletic, Gentle, Intelligent, Quiet, Even Tempered",,ryNYMx94X,,,
91,"{'imperial': '12', 'metric': '5'}","{'imperial': '9 - 11', 'metric': '23 - 28'}",128,Griffon Bruxellois,Hunt and kill vermin in stables,,10 – 15 years,"Self-important, Inquisitive, Alert, Companionable, Sensitive, Watchful",,ryoYGec4Q,,,
92,"{'imperial': '40 - 60', 'metric': '18 - 27'}","{'imperial': '18 - 22', 'metric': '46 - 56'}",129,Harrier,Hunting hares by trailing them,Hound,12 - 15 years,"Outgoing, Friendly, Cheerful, Sweet-Tempered, Tolerant, Active",,B1IcfgqE7,,,
93,"{'imperial': '7 - 13', 'metric': '3 - 6'}","{'imperial': '8.5 - 11.5', 'metric': '22 - 29'}",130,Havanese,Companionship,Toy,14 - 15 years,"Affectionate, Responsive, Playful, Companionable, Gentle, Intelligent",,rkXiGl9V7,,,
94,"{'imperial': '35 - 70', 'metric': '16 - 32'}","{'imperial': '24 - 27', 'metric': '61 - 69'}",134,Irish Setter,"Bird setting, retrieving",Sporting,10 - 11 years,"Affectionate, Energetic, Lively, Independent, Playful, Companionable",,S1osGeqVm,,,
95,"{'imperial': '25 - 27', 'metric': '11 - 12'}","{'imperial': '18', 'metric': '46'}",135,Irish Terrier,,Terrier,12 - 16 years,"Respectful, Lively, Intelligent, Dominant, Protective, Trainable",,By-hGecVX,,,
96,"{'imperial': '105 - 180', 'metric': '48 - 82'}","{'imperial': '30 - 35', 'metric': '76 - 89'}",137,Irish Wolfhound,"Coursing wolves, elk",Hound,6 - 8 years,"Sweet-Tempered, Loyal, Dignified, Patient, Thoughtful, Generous",,Hyd2zgcEX,,,
97,"{'imperial': '7 - 15', 'metric': '3 - 7'}","{'imperial': '13 - 15', 'metric': '33 - 38'}",138,Italian Greyhound,Lapdog,Toy,12 - 15 years,"Mischievous, Affectionate, Agile, Athletic, Companionable, Intelligent",,SJAnzg9NX,,,
98,"{'imperial': '4 - 9', 'metric': '2 - 4'}","{'imperial': '8 - 11', 'metric': '20 - 28'}",140,Japanese Chin,Lapdog,Toy,12 - 14 years,"Alert, Loyal, Independent, Intelligent, Loving, Cat-like",,r1H6feqEm,,,
99,"{'imperial': '15 - 19', 'metric': '7 - 9'}","{'imperial': '12 - 15', 'metric': '30 - 38'}",141,Japanese Spitz,Companion,,10 – 16 years,"Affectionate, Obedient, Playful, Companionable, Intelligent, Proud",,HksaMxqNX,,,
100,"{'imperial': '35 - 45', 'metric': '16 - 20'}","{'imperial': '17 - 18', 'metric': '43 - 46'}",142,Keeshond,Barge watchdog,Non-Sporting,12 - 15 years,"Agile, Obedient, Playful, Quick, Sturdy, Bright",,S1GAGg9Vm,,,
101,"{'imperial': '80 - 100', 'metric': '36 - 45'}","{'imperial': '25.5 - 27.5', 'metric': '65 - 70'}",144,Komondor,Sheep guardian,Working,10 - 12 years,"Steady, Fearless, Affectionate, Independent, Gentle, Calm",,Bko0fl547,,,
102,"{'imperial': '20 - 30', 'metric': '9 - 14'}","{'imperial': '14 - 16', 'metric': '36 - 41'}",145,Kooikerhondje,"Luring ducks into traps - ""tolling""",Sporting,12 - 15 years,"Benevolent, Agile, Alert, Intelligent, Active, Territorial",,kOMy84GQE,,,
103,"{'imperial': '70 - 115', 'metric': '32 - 52'}","{'imperial': '26 - 30', 'metric': '66 - 76'}",147,Kuvasz,"Guardian, hunting large game",Working,8 - 10 years,"Clownish, Loyal, Patient, Independent, Intelligent, Protective",,BykZ7ecVX,,,
104,"{'imperial': '55 - 80', 'metric': '25 - 36'}","{'imperial': '21.5 - 24.5', 'metric': '55 - 62'}",149,Labrador Retriever,Water retrieving,Sporting,10 - 13 years,"Kind, Outgoing, Agile, Gentle, Intelligent, Trusting, Even Tempered",,B1uW7l5VX,,,
105,"{'imperial': '24 - 35', 'metric': '11 - 16'}","{'imperial': '16 - 19', 'metric': '41 - 48'}",151,Lagotto Romagnolo,Water retrieval dog in the marshes of Romagna,Sporting,14 - 16 years,"Keen, Loyal, Companionable, Loving, Active, Trainable",,ryzzmgqE7,,,
106,"{'imperial': '6 - 13', 'metric': '3 - 6'}","{'imperial': '10 - 12', 'metric': '25 - 30'}",153,Lancashire Heeler,"Cattle herding, Ratting, Driving cattle to market.",,12 – 15 years,"Clever, Friendly, Alert, Intelligent",,S1RGml5Em,,,
107,"{'imperial': '120 - 170', 'metric': '54 - 77'}","{'imperial': '25.5 - 31.5', 'metric': '65 - 80'}",155,Leonberger,"Guardian, appearance.",Working,6 - 8 years,"Obedient, Fearless, Loyal, Companionable, Adaptable, Loving",,ByrmQlqVm,,,
108,"{'imperial': '12 - 18', 'metric': '5 - 8'}","{'imperial': '10 - 11', 'metric': '25 - 28'}",156,Lhasa Apso,"Guarding inside the home, companion",Non-Sporting,12 - 15 years,"Steady, Fearless, Friendly, Devoted, Assertive, Spirited, Energetic, Lively, Alert, Obedient, Playful, Intelligent",,SJp7Qe5EX,,,
109,"{'imperial': '4 - 7', 'metric': '2 - 3'}","{'imperial': '8 - 10', 'metric': '20 - 25'}",161,Maltese,Lapdog,Toy,15 - 18 years,"Playful, Docile, Fearless, Affectionate, Sweet-Tempered, Lively, Responsive, Easygoing, Gentle, Intelligent, Active",,B1SV7gqN7,,,
110,"{'imperial': '20 - 40', 'metric': '9 - 18'}","{'imperial': '13 - 18', 'metric': '33 - 46'}",165,Miniature American Shepherd,,Herding,12 - 15 years,"Energetic, Loyal, Intelligent, Trainable",,BkHHQgcN7,,,
111,"{'imperial': '8 - 11', 'metric': '4 - 5'}","{'imperial': '10 - 12.5', 'metric': '25 - 32'}",167,Miniature Pinscher,Small vermin hunting,Toy,15 years,"Clever, Outgoing, Friendly, Energetic, Responsive, Playful",,Hy3H7g94X,,,
112,"{'imperial': '11 - 20', 'metric': '5 - 9'}","{'imperial': '12 - 14', 'metric': '30 - 36'}",168,Miniature Schnauzer,Ratting,Terrier,12 - 14 years,"Fearless, Friendly, Spirited, Alert, Obedient, Intelligent",,SJIUQl9NX,,,
113,"{'imperial': '100 - 150', 'metric': '45 - 68'}","{'imperial': '26 - 28', 'metric': '66 - 71'}",171,Newfoundland,"All purpose water dog, fishing aid",Working,8 - 10 years,"Sweet-Tempered, Gentle, Trainable",,Sk4DXl54m,,,
114,"{'imperial': '11 - 12', 'metric': '5 - 5'}","{'imperial': '9 - 10', 'metric': '23 - 25'}",172,Norfolk Terrier,"Ratting, fox bolting",Terrier,12 - 15 years,"Self-confidence, Fearless, Spirited, Companionable, Happy, Lovable",,B1ADQg94X,,,
115,"{'imperial': '11 - 12', 'metric': '5 - 5'}","{'imperial': '10', 'metric': '25'}",176,Norwich Terrier,"Ratting, fox bolting",Terrier,12 - 15 years,"Hardy, Affectionate, Energetic, Sensitive, Intelligent",,BkgKXlqE7,,,
116,"{'imperial': '35 - 50', 'metric': '16 - 23'}","{'imperial': '17 - 21', 'metric': '43 - 53'}",177,Nova Scotia Duck Tolling Retriever,,Sporting,12 - 14 years,"Outgoing, Alert, Patient, Intelligent, Loving",,SyYtQe5V7,,,
117,"{'imperial': '60 - 100', 'metric': '27 - 45'}","{'imperial': '21', 'metric': '53'}",178,Old English Sheepdog,"Driving sheep, cattle",Herding,10 - 12 years,"Sociable, Bubbly, Playful, Adaptable, Intelligent, Loving",,HkZ57lq4m,,,
118,"{'imperial': '65 – 85', 'metric': 'NaN'}","{'imperial': '15 - 19', 'metric': '38 - 48'}",179,Olde English Bulldogge,,,9 – 14 years,"Friendly, Alert, Confident, Loving, Courageous, Strong",,B1d5me547,,,
119,"{'imperial': '3 - 12', 'metric': '1 - 5'}","{'imperial': '8 - 11', 'metric': '20 - 28'}",181,Papillon,Lapdog,Toy,13 - 17 years,"Hardy, Friendly, Energetic, Alert, Intelligent, Happy",,SkJj7e547,,,
120,"{'imperial': '14', 'metric': '6'}","{'imperial': '6 - 9', 'metric': '15 - 23'}",183,Pekingese,Lapdog,Toy,14 - 18 years,"Opinionated, Good-natured, Stubborn, Affectionate, Aggressive, Intelligent",,ByIiml9Nm,,,
121,"{'imperial': '25 - 30', 'metric': '11 - 14'}","{'imperial': '10 - 12', 'metric': '25 - 30'}",184,Pembroke Welsh Corgi,Driving stock to market in northern Wales,Herding,12 - 14 years,"Tenacious, Outgoing, Friendly, Bold, Playful, Protective",,rJ6iQeqEm,,,
122,"{'imperial': '88 - 110', 'metric': '40 - 50'}","{'imperial': '22 - 25.5', 'metric': '56 - 65'}",185,Perro de Presa Canario,,Working,10 - 12 years,"Strong Willed, Suspicious, Gentle, Dominant, Calm",,S1V3Qeq4X,,,
123,"{'imperial': '40 - 60', 'metric': '18 - 27'}","{'imperial': '21 - 25', 'metric': '53 - 64'}",188,Pharaoh Hound,Hunting rabbits,Hound,12 - 14 years,"Affectionate, Sociable, Playful, Intelligent, Active, Trainable",,Byz6mgqEQ,,,
124,"{'imperial': '40 - 60', 'metric': '18 - 27'}","{'imperial': '20 - 25', 'metric': '51 - 64'}",189,Plott,Hunting big-game like Boar.,Hound,12 - 14 years,"Bold, Alert, Loyal, Intelligent",,B1i67l5VQ,,,
125,"{'imperial': '3 - 7', 'metric': '1 - 3'}","{'imperial': '8 - 12', 'metric': '20 - 30'}",193,Pomeranian,Companion,Toy,15 years,"Extroverted, Friendly, Sociable, Playful, Intelligent, Active",,HJd0XecNX,,,
126,"{'imperial': '15 - 17', 'metric': '7 - 8'}","{'imperial': '11 - 15', 'metric': '28 - 38'}",196,Poodle (Miniature),,,12 – 15 years,,,Hkxk4ecVX,,,
127,"{'imperial': '6 - 9', 'metric': '3 - 4'}","{'imperial': '9 - 11', 'metric': '23 - 28'}",197,Poodle (Toy),,,18 years,,,rJFJVxc4m,,,
128,"{'imperial': '14 - 18', 'metric': '6 - 8'}","{'imperial': '10 - 12', 'metric': '25 - 30'}",201,Pug,Lapdog,Toy,12 - 14 years,"Docile, Clever, Charming, Stubborn, Sociable, Playful, Quiet, Attentive",,HyJvcl9N7,,,
129,"{'imperial': '25 - 35', 'metric': '11 - 16'}","{'imperial': '16 - 17', 'metric': '41 - 43'}",204,Puli,Herding,Herding,12 - 16 Years years,"Energetic, Agile, Loyal, Obedient, Intelligent, Faithful",,ryPgVl5N7,,,
130,"{'imperial': '18 - 33', 'metric': '8 - 15'}","{'imperial': '15 - 18.5', 'metric': '38 - 47'}",205,Pumi,,Herding,13 - 15 years,"Lively, Reserved, Intelligent, Active, Protective, Vocal",,SyRe4xcN7,,,
131,"{'imperial': '8 - 25', 'metric': '4 - 11'}","{'imperial': '10 - 13', 'metric': '25 - 33'}",207,Rat Terrier,,Terrier,12 - 18 years,"Affectionate, Lively, Inquisitive, Alert, Intelligent, Loving",,HkXWNl9E7,,,
132,"{'imperial': '45 - 80', 'metric': '20 - 36'}","{'imperial': '21 - 27', 'metric': '53 - 69'}",208,Redbone Coonhound,"Hunting raccoon, deer, bear, and cougar.",Hound,10 - 12 years,"Affectionate, Energetic, Independent, Companionable, Familial, Unflappable",,HJMzEl5N7,,,
133,"{'imperial': '75 - 80', 'metric': '34 - 36'}","{'imperial': '24 - 27', 'metric': '61 - 69'}",209,Rhodesian Ridgeback,"Big game hunting, guarding",Hound,10 - 12 years,"Strong Willed, Mischievous, Loyal, Dignified, Sensitive, Intelligent",,By9zNgqE7,,,
134,"{'imperial': '75 - 110', 'metric': '34 - 50'}","{'imperial': '22 - 27', 'metric': '56 - 69'}",210,Rottweiler,"Cattle drover, guardian, draft",Working,8 - 10 years,"Steady, Good-natured, Fearless, Devoted, Alert, Obedient, Confident, Self-assured, Calm, Courageous",,r1xXEgcNX,,,
135,"{'imperial': '3 - 6', 'metric': '1 - 3'}","{'imperial': '7.5 - 10.5', 'metric': '19 - 27'}",211,Russian Toy,,Toy,10 - 12 years,,,HkP7Vxc4Q,,,
136,"{'imperial': '130 - 180', 'metric': '59 - 82'}","{'imperial': '25.5 - 27.5', 'metric': '65 - 70'}",212,Saint Bernard,"Draft, search, rescue",Working,7 - 10 years,"Friendly, Lively, Gentle, Watchful, Calm",,_Qf9nfRzL,,,
137,"{'imperial': '35 - 65', 'metric': '16 - 29'}","{'imperial': '23 - 28', 'metric': '58 - 71'}",213,Saluki,Coursing gazelle and hare,Hound,12 - 14 years,"Aloof, Reserved, Intelligent, Quiet",,fjFIuehNo,,,
138,"{'imperial': '50 - 60', 'metric': '23 - 27'}","{'imperial': '19 - 23.5', 'metric': '48 - 60'}",214,Samoyed,"Herding reindeer, guardian, draft",Working,12 - 14 years,"Stubborn, Friendly, Sociable, Lively, Alert, Playful",,S1T8Ee9Nm,,,
139,"{'imperial': '10 - 16', 'metric': '5 - 7'}","{'imperial': '10 - 13', 'metric': '25 - 33'}",216,Schipperke,Barge watchdog,Non-Sporting,13 - 15 years,"Fearless, Agile, Curious, Independent, Confident, Faithful",,SyBvVgc47,,,
140,"{'imperial': '70 - 130', 'metric': '32 - 59'}","{'imperial': '28 - 32', 'metric': '71 - 81'}",218,Scottish Deerhound,Coursing deer,Hound,8 - 10 years,"Docile, Friendly, Dignified, Gentle",,SkNjqx9NQ,,,
141,"{'imperial': '18 - 22', 'metric': '8 - 10'}","{'imperial': '10', 'metric': '25'}",219,Scottish Terrier,Vermin hunting,Terrier,11 - 13 years,"Feisty, Alert, Independent, Playful, Quick, Self-assured",,Bklnce5NX,,,
142,"{'imperial': '30', 'metric': '14'}","{'imperial': '13 - 16', 'metric': '33 - 41'}",221,Shetland Sheepdog,Sheep herding,Herding,12 - 14 years,"Affectionate, Lively, Responsive, Alert, Loyal, Reserved, Playful, Gentle, Intelligent, Active, Trainable, Strong",,rJa29l9E7,,,
143,"{'imperial': '17 - 23', 'metric': '8 - 10'}","{'imperial': '13.5 - 16.5', 'metric': '34 - 42'}",222,Shiba Inu,"Hunting in the mountains of Japan, Alert Watchdog",Non-Sporting,12 - 16 years,"Charming, Fearless, Keen, Alert, Confident, Faithful",,Zn3IjPX3f,,,
144,"{'imperial': '9 - 16', 'metric': '4 - 7'}","{'imperial': '8 - 11', 'metric': '20 - 28'}",223,Shih Tzu,Lapdog,Toy,10 - 18 years,"Clever, Spunky, Outgoing, Friendly, Affectionate, Lively, Alert, Loyal, Independent, Playful, Gentle, Intelligent, Happy, Active, Courageous",,BkrJjgcV7,,,
145,"{'imperial': '120 - 140', 'metric': '54 - 64'}","{'imperial': '26 - 30', 'metric': '66 - 76'}",225,Shiloh Shepherd,"Swimming, Carrying backpacks, Pulling carts or sleds",,9 – 14 years,"Outgoing, Loyal, Companionable, Gentle, Loving, Trainable",,SJJxjecEX,,,
146,"{'imperial': '35 - 60', 'metric': '16 - 27'}","{'imperial': '20 - 23.5', 'metric': '51 - 60'}",226,Siberian Husky,Sled pulling,Working,12 years,"Outgoing, Friendly, Alert, Gentle, Intelligent",,S17ZilqNm,,,
147,"{'imperial': '8 - 10', 'metric': '4 - 5'}","{'imperial': '9 - 10', 'metric': '23 - 25'}",228,Silky Terrier,"Small vermin hunting, companionship",Toy,12 - 15 years,"Friendly, Responsive, Inquisitive, Alert, Quick, Joyful",,ByzGsl5Nm,,,
148,"{'imperial': 'up - 18', 'metric': 'NaN - 8'}","{'imperial': '15.5', 'metric': '39'}",232,Smooth Fox Terrier,Fox bolting,Terrier,12 - 14 years,"Fearless, Affectionate, Alert, Playful, Intelligent, Active",,Syszjx9Em,,,
149,"{'imperial': '30 - 40', 'metric': '14 - 18'}","{'imperial': '16 - 18', 'metric': '41 - 46'}",233,Soft Coated Wheaten Terrier,"Vermin hunting, guarding, all-around farm helper",Terrier,12 - 15 years,"Affectionate, Spirited, Energetic, Playful, Intelligent, Faithful",,HJHmix5NQ,,,
150,"{'imperial': '30 - 50', 'metric': '14 - 23'}","{'imperial': '16 - 20', 'metric': '41 - 51'}",235,Spanish Water Dog,Herding flocks of sheep and goats from one pasture to another,Sporting,12 - 15 years,"Trainable, Diligent, Affectionate, Loyal, Athletic, Intelligent",,HJf4jl9VX,,,
151,"{'imperial': '61 - 85', 'metric': '28 - 39'}","{'imperial': '22.5 - 27.5', 'metric': '57 - 70'}",236,Spinone Italiano,,Sporting,10 - 12 years,"Docile, Friendly, Affectionate, Loyal, Patient, Gentle",,rk5Eoe5Nm,,,
152,"{'imperial': '24 - 38', 'metric': '11 - 17'}","{'imperial': '14 - 16', 'metric': '36 - 41'}",238,Staffordshire Bull Terrier,,Terrier,12 - 14 years,"Reliable, Fearless, Bold, Affectionate, Loyal, Intelligent, Courageous",,H1zSie9V7,,,
153,"{'imperial': '30 - 50', 'metric': '14 - 23'}","{'imperial': '17.5 - 19.5', 'metric': '44 - 50'}",239,Standard Schnauzer,"Ratting, guarding",Working,13 - 15 years,"Trainable, Good-natured, Devoted, Lively, Playful, Intelligent",,tmzeu6ID_,,,
154,"{'imperial': '20 - 30', 'metric': '9 - 14'}","{'imperial': '11.5 - 13.5', 'metric': '29 - 34'}",242,Swedish Vallhund,,Herding,12 - 14 years,"Fearless, Friendly, Energetic, Alert, Intelligent, Watchful",,HJ-Dix94Q,,,
155,"{'imperial': '35 - 55', 'metric': '16 - 25'}","{'imperial': '20 - 24', 'metric': '51 - 61'}",243,Thai Ridgeback,,Hound,10 - 12 years,"Protective, Loyal, Independent, Intelligent, Loving, Familial",,zv89hR-O8,,,
156,"{'imperial': '85 - 140', 'metric': '39 - 64'}","{'imperial': '24 - 26', 'metric': '61 - 66'}",244,Tibetan Mastiff,,Working,10 - 14 years,"Strong Willed, Tenacious, Aloof, Stubborn, Intelligent, Protective",,SkM9sec47,,,
157,"{'imperial': '9 - 15', 'metric': '4 - 7'}","{'imperial': '10', 'metric': '25'}",245,Tibetan Spaniel,,Non-Sporting,12 - 15 years,"Willful, Aloof, Assertive, Independent, Playful, Intelligent, Happy",,Hyjcol947,,,
158,"{'imperial': '20 - 24', 'metric': '9 - 11'}","{'imperial': '14 - 17', 'metric': '36 - 43'}",246,Tibetan Terrier,"Good luck charms, mascots, watchdogs, herding dogs, and companions",Non-Sporting,12 - 15 years,"Affectionate, Energetic, Amiable, Reserved, Gentle, Sensitive",,6f5n_42mB,,,
159,"{'imperial': '4 - 9', 'metric': '2 - 4'}","{'imperial': '8 - 11', 'metric': '20 - 28'}",248,Toy Fox Terrier,,Toy,12 - 15 years,"Friendly, Spirited, Alert, Loyal, Playful, Intelligent",,B17ase9V7,,,
160,"{'imperial': '45 - 80', 'metric': '20 - 36'}","{'imperial': '20 - 27', 'metric': '51 - 69'}",250,Treeing Walker Coonhound,,Hound,10 - 13 years,"Clever, Affectionate, Confident, Intelligent, Loving, Trainable",,SkRpsgc47,,,
161,"{'imperial': '50 - 65', 'metric': '23 - 29'}","{'imperial': '21 - 24', 'metric': '53 - 61'}",251,Vizsla,Pointing and trailing,Sporting,10 - 14 years,"Affectionate, Energetic, Loyal, Gentle, Quiet",,r1o0jx9Em,,,
162,"{'imperial': '55 - 90', 'metric': '25 - 41'}","{'imperial': '23 - 27', 'metric': '58 - 69'}",253,Weimaraner,Large game trailing and versatile gundog,Sporting,12 - 15 years,"Steady, Aloof, Stubborn, Energetic, Alert, Intelligent, Powerful, Fast",,SyU12l9V7,,,
163,"{'imperial': '35 - 55', 'metric': '16 - 25'}","{'imperial': '17 - 19', 'metric': '43 - 48'}",254,Welsh Springer Spaniel,Flushing and retrieving birds,Sporting,12 - 15 years,"Stubborn, Friendly, Affectionate, Loyal, Playful, Active",,BJ1gnx5Vm,,,
164,"{'imperial': '15 - 22', 'metric': '7 - 10'}","{'imperial': '10 - 11', 'metric': '25 - 28'}",256,West Highland White Terrier,"Fox, badger, vermin hunting",Terrier,15 - 20 years,"Hardy, Friendly, Alert, Independent, Gay, Active, Courageous",,Bkdx2g5Em,,,
165,"{'imperial': '25 - 35', 'metric': '11 - 16'}","{'imperial': '18 - 22', 'metric': '46 - 56'}",257,Whippet,"Coursing, racing",Hound,12 - 15 years,"Friendly, Affectionate, Lively, Gentle, Intelligent, Quiet",,Hyv-ne94m,,,
166,"{'imperial': '60 - 85', 'metric': '27 - 39'}","{'imperial': '22 - 25', 'metric': '56 - 64'}",258,White Shepherd,,,12 – 14 years,"Self-confidence, Aloof, Fearless, Alert, Companionable, Eager",,r14M3e9E7,,,
167,"{'imperial': '15 - 19', 'metric': '7 - 9'}","{'imperial': '13 - 16', 'metric': '33 - 41'}",259,Wire Fox Terrier,"Vermin hunting, fox bolting",,13 – 14 years,"Fearless, Friendly, Bold, Keen, Alert, Quick",,SJ6f2g9EQ,,, England
168,"{'imperial': '45 - 70', 'metric': '20 - 32'}","{'imperial': '20 - 24', 'metric': '51 - 61'}",260,Wirehaired Pointing Griffon,"Gundog, ""swamp-tromping"", Flushing, pointing, and retrieving water fowl & game birds",Sporting,12 - 14 years,"Loyal, Gentle, Vigilant, Trainable, Proud",,Bkam2l9Vm,,,
169,"{'imperial': '45 - 65', 'metric': '20 - 29'}","{'imperial': '21.5 - 25', 'metric': '55 - 64'}",261,Wirehaired Vizsla,,Sporting,12 - 14 years,,,r1I4hl5Em,,,
170,"{'imperial': '9 - 31', 'metric': '4 - 14'}","{'imperial': '10 - 23', 'metric': '25 - 58'}",262,Xoloitzcuintli,,Non-Sporting,12 - 14 years,"Cheerful, Alert, Companionable, Intelligent, Protective, Calm",,HkNS3gqEm,,,
171,"{'imperial': '4 - 7', 'metric': '2 - 3'}","{'imperial': '8 - 9', 'metric': '20 - 23'}",264,Yorkshire Terrier,Small vermin hunting,Toy,12 - 16 years,"Bold, Independent, Confident, Intelligent, Courageous",,B12BnxcVQ,,,
